"metric","value"
"validated_candidate_fields",11
"approved_geographic_fields",6
"excluded_non_geographic_fields",5
"discarded_06b_spurious_units",672
"japan_botanical_area_concepts",51
"wcvp_tdwg_concepts",367
"china_classification_metadata_values",1
"canonical_geographic_concepts",418
"expected_canonical_geographic_concepts",418
"missing_geographic_unit_ids",0
"duplicate_geographic_unit_ids",0
"duplicate_botanical_area_codes",0
"duplicate_wcvp_tdwg_codes",0
"missing_botanical_area_names",0
"missing_wcvp_location_names",367
"concepts_without_provenance",0
"source_provenance_rows",469
