"release","doi","file_name","relative_path","package_section","content_class","size_bytes","sha256","source_file","source_sha256","source_identical"
"VPJD Geography v1.0.0","10.5281/zenodo.23111498","vpjd_geographic_units_v1.0.0.csv","data/vpjd_geographic_units_v1.0.0.csv","data","scientific_data",132138,"598e0b247380471f7e8432228007932196f8c1b7b24cd4c7f99547651bfd2b57","I:/R/OJPCP/VPJD-OJPCP/data/derived/geography/release_v1.0.0/canonical_geographic_units_frozen/vpjd_geographic_units_v1.0.0.csv","598e0b247380471f7e8432228007932196f8c1b7b24cd4c7f99547651bfd2b57",TRUE
"VPJD Geography v1.0.0","10.5281/zenodo.23111498","vpjd_taxon_geographic_distribution_v1.0.0.csv","data/vpjd_taxon_geographic_distribution_v1.0.0.csv","data","scientific_data",17102248,"f6b8fe65dd4c1c0c46c38cf563664bbc31ebdb1c3eeca08c14cd46b286431ea0","I:/R/OJPCP/VPJD-OJPCP/data/derived/geography/release_v1.0.0/taxon_geographic_distribution/vpjd_taxon_geographic_distribution_v1.0.0.csv","f6b8fe65dd4c1c0c46c38cf563664bbc31ebdb1c3eeca08c14cd46b286431ea0",TRUE
"VPJD Geography v1.0.0","10.5281/zenodo.23111498","vpjd_taxon_geographic_evidence_v1.0.0.csv","data/vpjd_taxon_geographic_evidence_v1.0.0.csv","data","scientific_data",40507901,"1e2bd3b79904f2f9d6c38f674b250501fac44a29462c31210575ee74471b71cf","I:/R/OJPCP/VPJD-OJPCP/data/derived/geography/release_v1.0.0/taxon_geographic_distribution/vpjd_taxon_geographic_evidence_v1.0.0.csv","1e2bd3b79904f2f9d6c38f674b250501fac44a29462c31210575ee74471b71cf",TRUE
"VPJD Geography v1.0.0","10.5281/zenodo.23111498","vpjd_geography_release_metadata_v1.0.0.csv","metadata/vpjd_geography_release_metadata_v1.0.0.csv","metadata","scientific_metadata",1928,"e9472fb59af229ea49d5ea17069b8c96d483d5ec21e28f96706d0089b936dae4","I:/R/OJPCP/VPJD-OJPCP/data/derived/geography/release_v1.0.0/metadata/vpjd_geography_release_metadata_v1.0.0.csv","e9472fb59af229ea49d5ea17069b8c96d483d5ec21e28f96706d0089b936dae4",TRUE
"VPJD Geography v1.0.0","10.5281/zenodo.23111498","vpjd_geography_data_dictionary_v1.0.0.csv","metadata/vpjd_geography_data_dictionary_v1.0.0.csv","metadata","scientific_metadata",5405,"c4d3609d9b92b6fc6190616fd1455b7e716b778a42f2510102a3d3aa1c965724","I:/R/OJPCP/VPJD-OJPCP/data/derived/geography/release_v1.0.0/metadata/vpjd_geography_data_dictionary_v1.0.0.csv","c4d3609d9b92b6fc6190616fd1455b7e716b778a42f2510102a3d3aa1c965724",TRUE
"VPJD Geography v1.0.0","10.5281/zenodo.23111498","vpjd_geography_release_statistics_v1.0.0.csv","metadata/vpjd_geography_release_statistics_v1.0.0.csv","metadata","scientific_metadata",1079,"9617b1078ce9dad2ae2361139a327cdc9f882ca97f7e2b5af51a38e069f380aa","I:/R/OJPCP/VPJD-OJPCP/data/derived/geography/release_v1.0.0/metadata/vpjd_geography_release_statistics_v1.0.0.csv","9617b1078ce9dad2ae2361139a327cdc9f882ca97f7e2b5af51a38e069f380aa",TRUE
"VPJD Geography v1.0.0","10.5281/zenodo.23111498","vpjd_geography_provenance_v1.0.0.csv","metadata/vpjd_geography_provenance_v1.0.0.csv","metadata","scientific_metadata",1119,"c2e1976dea870012ac2a73640375303f118818165202a3044ad1e2c80589bb88","I:/R/OJPCP/VPJD-OJPCP/data/derived/geography/release_v1.0.0/metadata/vpjd_geography_provenance_v1.0.0.csv","c2e1976dea870012ac2a73640375303f118818165202a3044ad1e2c80589bb88",TRUE
"VPJD Geography v1.0.0","10.5281/zenodo.23111498","vpjd_geography_methodological_safeguards_v1.0.0.csv","metadata/vpjd_geography_methodological_safeguards_v1.0.0.csv","metadata","scientific_metadata",1326,"6a65f04928e9b74db2374f847cf713fed4a288cdfdbb0a6f2668d8f41eb52f7b","I:/R/OJPCP/VPJD-OJPCP/data/derived/geography/release_v1.0.0/metadata/vpjd_geography_methodological_safeguards_v1.0.0.csv","6a65f04928e9b74db2374f847cf713fed4a288cdfdbb0a6f2668d8f41eb52f7b",TRUE
"VPJD Geography v1.0.0","10.5281/zenodo.23111498","vpjd_geography_zenodo_metadata_v1.0.0.csv","metadata/vpjd_geography_zenodo_metadata_v1.0.0.csv","metadata","zenodo_metadata",2300,"77380b4f3275541669fc56436be2bb781e80a6a5cf2fb575a65d63c8e9f4fcd0","I:/R/OJPCP/VPJD-OJPCP/data/derived/geography/release_v1.0.0/zenodo_staging/metadata/vpjd_geography_zenodo_metadata_v1.0.0.csv","77380b4f3275541669fc56436be2bb781e80a6a5cf2fb575a65d63c8e9f4fcd0",TRUE
"VPJD Geography v1.0.0","10.5281/zenodo.23111498","vpjd_geography_zenodo_metadata_v1.0.0.txt","metadata/vpjd_geography_zenodo_metadata_v1.0.0.txt","metadata","zenodo_metadata",2225,"23a94cde557de7cfe12f9aa3285308c701436d6b5030707852b9dc97797cf7ba","I:/R/OJPCP/VPJD-OJPCP/data/derived/geography/release_v1.0.0/zenodo_staging/metadata/vpjd_geography_zenodo_metadata_v1.0.0.txt","23a94cde557de7cfe12f9aa3285308c701436d6b5030707852b9dc97797cf7ba",TRUE
"VPJD Geography v1.0.0","10.5281/zenodo.23111498","README_VPJD_Geography_v1.0.0.txt","README_VPJD_Geography_v1.0.0.txt","root","documentation",2786,"79c35e4c90b2ef6ff56111a38b95692734a5740c57b3072bd41032c9f7846764","I:/R/OJPCP/VPJD-OJPCP/data/derived/geography/release_v1.0.0/zenodo_staging/README_VPJD_Geography_v1.0.0.txt","79c35e4c90b2ef6ff56111a38b95692734a5740c57b3072bd41032c9f7846764",TRUE
"VPJD Geography v1.0.0","10.5281/zenodo.23111498","vpjd_geography_related_identifiers_v1.0.0.csv","metadata/vpjd_geography_related_identifiers_v1.0.0.csv","metadata","zenodo_metadata",303,"56dc4d4fa1470784eaf1283f9ef0e17a80a19fe32e9fc1f972f12ceb305b0cac","I:/R/OJPCP/VPJD-OJPCP/data/derived/geography/release_v1.0.0/zenodo_staging/metadata/vpjd_geography_related_identifiers_v1.0.0.csv","56dc4d4fa1470784eaf1283f9ef0e17a80a19fe32e9fc1f972f12ceb305b0cac",TRUE
"VPJD Geography v1.0.0","10.5281/zenodo.23111498","vpjd_geography_contributors_v1.0.0.csv","metadata/vpjd_geography_contributors_v1.0.0.csv","metadata","zenodo_metadata",50,"1c36d089d5fc7e11371c4244414a5e2d137fbdd25f2b3896c9c43c01979a6742","I:/R/OJPCP/VPJD-OJPCP/data/derived/geography/release_v1.0.0/zenodo_staging/metadata/vpjd_geography_contributors_v1.0.0.csv","1c36d089d5fc7e11371c4244414a5e2d137fbdd25f2b3896c9c43c01979a6742",TRUE
"VPJD Geography v1.0.0","10.5281/zenodo.23111498","vpjd_geography_keywords_v1.0.0.csv","metadata/vpjd_geography_keywords_v1.0.0.csv","metadata","zenodo_metadata",244,"cc4803158e65f8d108ff1eb00e27fe9dd016df7df70c608469e36ea60cd0c5d8","I:/R/OJPCP/VPJD-OJPCP/data/derived/geography/release_v1.0.0/zenodo_staging/metadata/vpjd_geography_keywords_v1.0.0.csv","cc4803158e65f8d108ff1eb00e27fe9dd016df7df70c608469e36ea60cd0c5d8",TRUE
