"criterion","passed"
"06d_metadata_gate_passed",TRUE
"recognised_taxa_12037",TRUE
"geographic_concepts_418",TRUE
"japanese_botanical_areas_51",TRUE
"wcvp_tdwg_reference_concepts_367",TRUE
"positive_relationships_128824",TRUE
"taxa_with_positive_evidence_11470",TRUE
"taxa_without_positive_evidence_567",TRUE
"taxon_coverage_rows_equal_recognised_taxa",TRUE
"area_richness_rows_equal_51",TRUE
"taxon_coverage_relationship_sum_equal_128824",TRUE
"area_richness_relationship_sum_equal_128824",TRUE
"coverage_frequency_taxon_sum_equal_12037",TRUE
"coverage_frequency_relationship_sum_equal_128824",TRUE
"family_taxon_sum_equal_12037",TRUE
"family_represented_sum_equal_11470",TRUE
"genus_taxon_sum_equal_12037",TRUE
"genus_represented_sum_equal_11470",TRUE
"overview_created",TRUE
"taxon_coverage_created",TRUE
"area_richness_created",TRUE
"coverage_frequency_created",TRUE
"evidence_support_summary_created",TRUE
"family_summary_created",TRUE
"genus_summary_created",TRUE
"descriptive_statistics_created",TRUE
