"file_role","file_name","size_bytes","sha256"
"taxonomic_interface","vpjd_recognised_taxa.csv",1321802,"243992a5e81b482e866589029cde513f43f6da948b1c0c37a9bde4900f0c8982"
"canonical_geographic_vocabulary","vpjd_geographic_units_v1.0.0.csv",132138,"598e0b247380471f7e8432228007932196f8c1b7b24cd4c7f99547651bfd2b57"
"canonical_taxon_geographic_distribution","vpjd_taxon_geographic_distribution_v1.0.0.csv",17102248,"f6b8fe65dd4c1c0c46c38cf563664bbc31ebdb1c3eeca08c14cd46b286431ea0"
"canonical_taxon_geographic_evidence","vpjd_taxon_geographic_evidence_v1.0.0.csv",40507901,"1e2bd3b79904f2f9d6c38f674b250501fac44a29462c31210575ee74471b71cf"
"release_metadata","vpjd_geography_release_metadata_v1.0.0.csv",1928,"e9472fb59af229ea49d5ea17069b8c96d483d5ec21e28f96706d0089b936dae4"
"data_dictionary","vpjd_geography_data_dictionary_v1.0.0.csv",5405,"c4d3609d9b92b6fc6190616fd1455b7e716b778a42f2510102a3d3aa1c965724"
"release_statistics","vpjd_geography_release_statistics_v1.0.0.csv",1079,"9617b1078ce9dad2ae2361139a327cdc9f882ca97f7e2b5af51a38e069f380aa"
"release_manifest","vpjd_geography_release_manifest_v1.0.0.csv",2731,"a93054f2b48177e454f1ad4e58d704a1f53020b8733f9e0d26de434710ba1f3e"
"provenance","vpjd_geography_provenance_v1.0.0.csv",1119,"c2e1976dea870012ac2a73640375303f118818165202a3044ad1e2c80589bb88"
"methodological_safeguards","vpjd_geography_methodological_safeguards_v1.0.0.csv",1326,"6a65f04928e9b74db2374f847cf713fed4a288cdfdbb0a6f2668d8f41eb52f7b"
"readme","vpjd_geography_README_v1.0.0.txt",2043,"060117a14413fc8f0a1ba030fb787b000f9c24a76f75db9eb20bd78007b78148"
"zenodo_metadata_draft","vpjd_geography_zenodo_metadata_v1.0.0.txt",1929,"e61c3658481263923eab56d61665b4aad6b9265f0ec647c9c72a113b8abb5e7c"
"summary_overview","vpjd_geography_summary_overview_v1.0.0.csv",1201,"d568e6395584ef2b394309a9deb04b8f4ac59dd82d64fb296d9b5ce392232d33"
"taxon_coverage_summary","vpjd_geography_taxon_coverage_v1.0.0.csv",872076,"4e0a04781a815a00efffd4bd4161de8f2f6490b868534b68171e44ba04cfd13d"
"area_richness_summary","vpjd_geography_area_richness_v1.0.0.csv",3655,"c0384fe8082df0d7f497674b90ef7b67561c36e463dcbe5c24d8e21a46f49c3c"
"coverage_frequency_summary","vpjd_geography_taxon_coverage_frequency_v1.0.0.csv",2375,"4c5edbd402609af630096ff123c815e5cacbe6f31af91a037e9ef441b4a5c43a"
"evidence_support_summary","vpjd_geography_evidence_support_summary_v1.0.0.csv",497,"17bc29a13c3713a08b42aa7d209fcef84e6e840667c009dc1389a591d9357aa4"
"family_summary","vpjd_geography_family_summary_v1.0.0.csv",11981,"7ab9b4d38859cf6a16a4e0006169d75588b3a7b6bcb298c1cd66eb8ac8842c38"
"genus_summary","vpjd_geography_genus_summary_v1.0.0.csv",71013,"3a1641d0747664be57addb4a58c3a9151511cbec62c3e7d76ed1ea5200aa3656"
"descriptive_statistics","vpjd_geography_descriptive_statistics_v1.0.0.csv",612,"3a5a75205cba0e78c261310b493b7daaa62a730557d0fd7df6a97a0e963bdeba"
"text_release_summary","vpjd_geography_release_summary_v1.0.0.txt",1821,"4d76f32359aa45bdf79039dfa7ca6eda85b652637caf8e929530d209126f694d"
"06d_metadata_gate","geography_06d_metadata_gate.csv",854,"e6e72542e36b3e603a4988f8f10a07b29e6da540fbaf81dfc2932de9449c1e9f"
"06e_summary_gate","geography_06e_summary_gate.csv",1034,"ff8697fcee399fc45897c19d190c3d150321c2bef9f951a0d5990b0e41dbce83"
